{
  "main_title": "CSV Dataset Overview & Analysis",
  "summary_stats": {
    "total_records": 7062606,
    "total_variables": 27,
    "completeness_percentage": 100.0,
    "processing_method": "chunked"
  },
  "missing_values": {
    "total_missing": 0,
    "columns_with_missing": {},
    "missing_percentages": {}
  },
  "numerical_summary": {
    "MI_dir_L0.1_weight": {
      "count": 10000.0,
      "mean": 3786.0201936306685,
      "std": 1510.7453965929128,
      "min": 1.0,
      "25%": 2583.90506638866,
      "50%": 4037.85902815077,
      "75%": 5130.526665586763,
      "max": 5972.65548924404
    },
    "MI_dir_L0.1_mean": {
      "count": 10000.0,
      "mean": 74.10706173876558,
      "std": 0.3899060739349474,
      "min": 74.026126893412,
      "25%": 74.06421726149537,
      "50%": 74.0911951930415,
      "75%": 74.12492156306735,
      "max": 98.0
    },
    "MI_dir_L0.1_variance": {
      "count": 10000.0,
      "mean": 17.120552406080865,
      "std": 24.263913545499125,
      "min": 0.0,
      "25%": 1.7259598704758925,
      "50%": 14.484114126954399,
      "75%": 23.5803025389407,
      "max": 286.924048371909
    },
    "H_L0.1_weight": {
      "count": 10000.0,
      "mean": 3786.0201936306685,
      "std": 1510.7453965929128,
      "min": 1.0,
      "25%": 2583.90506638866,
      "50%": 4037.85902815077,
      "75%": 5130.526665586763,
      "max": 5972.65548924404
    },
    "H_L0.1_mean": {
      "count": 10000.0,
      "mean": 74.10706173876558,
      "std": 0.3899060739349474,
      "min": 74.026126893412,
      "25%": 74.06421726149537,
      "50%": 74.0911951930415,
      "75%": 74.12492156306735,
      "max": 98.0
    },
    "H_L0.1_variance": {
      "count": 10000.0,
      "mean": 17.120552406080865,
      "std": 24.263913545499125,
      "min": 0.0,
      "25%": 1.7259598704758925,
      "50%": 14.484114126954399,
      "75%": 23.5803025389407,
      "max": 286.924048371909
    },
    "HH_L0.1_weight": {
      "count": 10000.0,
      "mean": 3766.4831330672487,
      "std": 1517.9539452820727,
      "min": 1.0,
      "25%": 2561.3658108979853,
      "50%": 4022.842487068915,
      "75%": 5116.341717257672,
      "max": 5960.04015969247
    },
    "HH_L0.1_mean": {
      "count": 10000.0,
      "mean": 74.26135693594934,
      "std": 12.399777828803932,
      "min": 60.0,
      "25%": 73.99468251652284,
      "50%": 73.9969761622252,
      "75%": 73.99809404228685,
      "max": 909.0
    },
    "HH_L0.1_std": {
      "count": 10000.0,
      "mean": 0.19282442689318563,
      "std": 0.1174768680504191,
      "min": 0.0,
      "25%": 0.16329721700481725,
      "50%": 0.2056678752524485,
      "75%": 0.272687866656886,
      "max": 0.408497546363899
    },
    "HH_L0.1_magnitude": {
      "count": 10000.0,
      "mean": 95.55283903558461,
      "std": 12.142880462122713,
      "min": 60.0,
      "25%": 95.26391044167818,
      "50%": 95.265693209069,
      "75%": 95.26656194377722,
      "max": 909.0
    },
    "HH_L0.1_radius": {
      "count": 10000.0,
      "mean": 0.05098069405245195,
      "std": 0.04181166366541897,
      "min": 0.0,
      "25%": 0.026665981118640027,
      "50%": 0.042299275015921,
      "75%": 0.07435867285585115,
      "max": 0.166870245385326
    },
    "HH_L0.1_covariance": {
      "count": 10000.0,
      "mean": 1.7018048862759993e-15,
      "std": 2.0062784215747267e-15,
      "min": -3.84504051427104e-27,
      "25%": 1.9152150221905624e-16,
      "50%": 6.924744529615355e-16,
      "75%": 2.9407717795892377e-15,
      "max": 7.821450574757231e-15
    },
    "HH_L0.1_pcc": {
      "count": 10000.0,
      "mean": 2.457503438755309e-09,
      "std": 3.5584676346766133e-09,
      "min": -1.84843421295593e-15,
      "25%": 3.0601528901678526e-10,
      "50%": 6.53846100328965e-10,
      "75%": 4.087698865639717e-09,
      "max": 2.3063890872621e-08
    },
    "HH_jit_L0.1_weight": {
      "count": 10000.0,
      "mean": 3766.4831330672628,
      "std": 1517.9539452820875,
      "min": 1.0,
      "25%": 2561.3658108979853,
      "50%": 4022.84248706892,
      "75%": 5116.341717257703,
      "max": 5960.04015969253
    },
    "HH_jit_L0.1_mean": {
      "count": 10000.0,
      "mean": 1944891.1646625213,
      "std": 43195677.22508259,
      "min": 68216.3148596074,
      "25%": 107480.081329321,
      "50%": 185425.228940479,
      "75%": 397464.6421496932,
      "max": 1505914343.37345
    },
    "HH_jit_L0.1_variance": {
      "count": 10000.0,
      "mean": 1059376916138157.2,
      "std": 1.4472597304700434e+16,
      "min": 0.0,
      "25%": 161623524981459.0,
      "50%": 278714658793892.0,
      "75%": 596759174550084.5,
      "max": 5.66944486512505e+17
    },
    "HpHp_L0.1_weight": {
      "count": 10000.0,
      "mean": 1.0199734735304982,
      "std": 0.34315520590350357,
      "min": 1.0,
      "25%": 1.0,
      "50%": 1.0,
      "75%": 1.0,
      "max": 11.44420261541
    },
    "HpHp_L0.1_mean": {
      "count": 10000.0,
      "mean": 74.2622,
      "std": 12.4013398664438,
      "min": 60.0,
      "25%": 74.0,
      "50%": 74.0,
      "75%": 74.0,
      "max": 909.0
    },
    "HpHp_L0.1_std": {
      "count": 10000.0,
      "mean": 8.767282828867719e-09,
      "std": 1.5084338612949894e-07,
      "min": 0.0,
      "25%": 0.0,
      "50%": 0.0,
      "75%": 0.0,
      "max": 1.07895932187889e-05
    },
    "HpHp_L0.1_magnitude": {
      "count": 10000.0,
      "mean": 74.35324206418589,
      "std": 12.691544511003576,
      "min": 60.0,
      "25%": 74.0,
      "50%": 74.0,
      "75%": 74.0,
      "max": 909.0
    },
    "HpHp_L0.1_radius": {
      "count": 10000.0,
      "mean": 2.468579125757812e-14,
      "std": 1.18270419582674e-12,
      "min": 0.0,
      "25%": 0.0,
      "50%": 0.0,
      "75%": 0.0,
      "max": 1.16415321826935e-10
    },
    "HpHp_L0.1_covariance": {
      "count": 10000.0,
      "mean": 1.029928011322059e-31,
      "std": 3.831981396902833e-30,
      "min": -3.9593495845841797e-29,
      "25%": 0.0,
      "50%": 0.0,
      "75%": 0.0,
      "max": 1.7582027566487398e-28
    },
    "HpHp_L0.1_pcc": {
      "count": 10000.0,
      "mean": 2.6522584114768304e-20,
      "std": 1.3191062604576502e-18,
      "min": -1.0413439712495601e-17,
      "25%": 0.0,
      "50%": 0.0,
      "75%": 0.0,
      "max": 7.606230018664e-17
    },
    "label": {
      "count": 10000.0,
      "mean": 0.0,
      "std": 0.0,
      "min": 0.0,
      "25%": 0.0,
      "50%": 0.0,
      "75%": 0.0,
      "max": 0.0
    }
  },
  "categorical_insights": {
    "Device_Name": {
      "unique_values": 1,
      "most_common_values": {
        "Danmini_Doorbell": 10000
      }
    },
    "Attack": {
      "unique_values": 1,
      "most_common_values": {
        "gafgyt": 10000
      }
    },
    "Attack_subType": {
      "unique_values": 1,
      "most_common_values": {
        "combo": 10000
      }
    }
  },
  "data_quality": {
    "duplicate_rows": 0,
    "completeness_score": 100.0
  },
  "data_type_separation": {
    "numerical_columns": [
      "MI_dir_L0.1_weight",
      "MI_dir_L0.1_mean",
      "MI_dir_L0.1_variance",
      "H_L0.1_weight",
      "H_L0.1_mean",
      "H_L0.1_variance",
      "HH_L0.1_weight",
      "HH_L0.1_mean",
      "HH_L0.1_std",
      "HH_L0.1_magnitude",
      "HH_L0.1_radius",
      "HH_L0.1_covariance",
      "HH_L0.1_pcc",
      "HH_jit_L0.1_weight",
      "HH_jit_L0.1_mean",
      "HH_jit_L0.1_variance",
      "HpHp_L0.1_weight",
      "HpHp_L0.1_mean",
      "HpHp_L0.1_std",
      "HpHp_L0.1_magnitude",
      "HpHp_L0.1_radius",
      "HpHp_L0.1_covariance",
      "HpHp_L0.1_pcc",
      "label"
    ],